Type,Name,Request Count,Failure Count,Median Response Time,Average Response Time,Min Response Time,Max Response Time,Average Content Size,Requests/s,Failures/s,50%,66%,75%,80%,90%,95%,98%,99%,99.9%,99.99%,100%
POST,/v1/chat/completions,23,0,22000,17938.62340034779,2665.694037999856,24159.990838999875,471.7826086956522,0.401898128829081,0.0,22000,23000,23000,23000,23000,24000,24000,24000,24000,24000,24000
,Aggregated,23,0,22000,17938.62340034779,2665.694037999856,24159.990838999875,471.7826086956522,0.401898128829081,0.0,22000,23000,23000,23000,23000,24000,24000,24000,24000,24000,24000
