Type,Name,Request Count,Failure Count,Median Response Time,Average Response Time,Min Response Time,Max Response Time,Average Content Size,Requests/s,Failures/s,50%,66%,75%,80%,90%,95%,98%,99%,99.9%,99.99%,100%
POST,/v1/chat/completions,21,10,13000,18063.98863842852,8469.653825000023,38010.423128000184,337.42857142857144,0.3778010103988331,0.17990524304706337,13000,20000,26000,28000,32000,35000,38000,38000,38000,38000,38000
,Aggregated,21,10,13000,18063.98863842852,8469.653825000023,38010.423128000184,337.42857142857144,0.3778010103988331,0.17990524304706337,13000,20000,26000,28000,32000,35000,38000,38000,38000,38000,38000
