Type,Name,Request Count,Failure Count,Median Response Time,Average Response Time,Min Response Time,Max Response Time,Average Content Size,Requests/s,Failures/s,50%,66%,75%,80%,90%,95%,98%,99%,99.9%,99.99%,100%
POST,/v1/chat/completions,20,0,26000,20979.075232699957,3798.8445519995366,27743.597806000253,468.95,0.33717273076921395,0.0,26000,27000,27000,27000,28000,28000,28000,28000,28000,28000,28000
,Aggregated,20,0,26000,20979.075232699957,3798.8445519995366,27743.597806000253,468.95,0.33717273076921395,0.0,26000,27000,27000,27000,28000,28000,28000,28000,28000,28000,28000
